{
  "Workflows": [
    {
      "Path": null,
      "SortBy": 0,
      "VariablesSectionElementsOrder": null,
      "ArgumentsSectionElementsOrder": null,
      "ConstantsSectionElementsOrder": null,
      "AddedNamespaces": null
    },
    {
      "Path": "Main.xaml",
      "SortBy": 0,
      "VariablesSectionElementsOrder": [
        "RowNumber&Flowchart_1",
        "Filter_WI1&Flowchart_1",
        "WIID&Flowchart_1",
        "Str_A_Number&Flowchart_1",
        "Str_A_Amount&Flowchart_1",
        "Str_ID&Flowchart_1",
        "Str_Comments&Flowchart_1",
        "Username&Sequence_2",
        "Password&Sequence_2",
        "DT_WorkItems&Sequence_4",
        "Str_Info&Sequence_27",
        "SplitInfo&Sequence_27",
        "System3_Amount&Sequence_32",
        "ExtractDataTable&Sequence_33",
        "Sum_Amount&Sequence_33"
      ],
      "ArgumentsSectionElementsOrder": [],
      "ConstantsSectionElementsOrder": [],
      "AddedNamespaces": null
    },
    {
      "Path": "System1/MoveSite.xaml",
      "SortBy": 0,
      "VariablesSectionElementsOrder": [],
      "ArgumentsSectionElementsOrder": [
        "in_Str_URL"
      ],
      "ConstantsSectionElementsOrder": [],
      "AddedNamespaces": null
    }
  ]
}