{
  "version": 3,
  "targets": {
    "net8.0-windows7.0": {},
    "net8.0-windows7.0/win-x64": {}
  },
  "libraries": {},
  "projectFileDependencyGroups": {
    "": [],
    "net8.0-windows7.0": []
  },
  "packageFolders": {
    "C:\\Users\\mrchu\\.nuget\\packages\\": {}
  },
  "project": {
    "restore": {
      "projectUniqueName": "ExtractClientInfo",
      "projectName": "ExtractClientInfo",
      "projectPath": "D:\\100. UiPath\\ExtractClientInfo\\.local",
      "packagesPath": "C:\\Users\\mrchu\\.nuget\\packages\\",
      "outputPath": "D:\\100. UiPath\\ExtractClientInfo\\.local",
      "UsingMicrosoftNETSdk": false,
      "restoreAuditProperties": {
        "enableAudit": "False"
      }
    },
    "frameworks": {
      "net8.0-windows7.0": {
        "runtimeIdentifierGraphPath": "C:\\Program Files\\UiPath\\Studio\\PortableRuntimeIdentifierGraph.json"
      }
    },
    "runtimes": {
      "win-x64": {
        "#import": []
      }
    }
  }
}