{
  "Workflows": [
    {
      "Path": null,
      "SortBy": 0,
      "VariablesSectionElementsOrder": [],
      "ArgumentsSectionElementsOrder": null,
      "ConstantsSectionElementsOrder": null,
      "AddedNamespaces": null
    },
    {
      "Path": "ExtractClientInfo.xaml",
      "SortBy": 0,
      "VariablesSectionElementsOrder": [
        "Lines&Sequence_2"
      ],
      "ArgumentsSectionElementsOrder": [
        "out_ClientID",
        "out_ClientName",
        "out_ClientCountry"
      ],
      "ConstantsSectionElementsOrder": null,
      "AddedNamespaces": null
    }
  ]
}